"Período","Países",año,valor
"2010-2011","Argentina",2011,29.4
"2005-2009","Argentina",2011,30.2
"2000-2004","Argentina",2011,49.6
"1995-1999","Argentina",2011,55.4
"1990-1994","Argentina",2011,60.1
"1985-1989","Argentina",2011,54.8
"1980-1984","Argentina",2011,49.9
"1975-1979","Argentina",2011,61.5
"1970-1974","Argentina",2011,33.7
"Antes de 1970","Argentina",2011,13.5
"Ignorado (1)","Argentina",2011,23.9
"2010-2011","Brasil",2011,15.5
"2005-2009","Brasil",2011,17.1
"2000-2004","Brasil",2011,19.7
"1995-1999","Brasil",2011,19
"1990-1994","Brasil",2011,19
"1985-1989","Brasil",2011,15.9
"1980-1984","Brasil",2011,23.6
"1975-1979","Brasil",2011,18.4
"1970-1974","Brasil",2011,35
"Antes de 1970","Brasil",2011,12.5
"Ignorado (1)","Brasil",2011,42.3
"2010-2011","Chile",2011,3.3
"2005-2009","Chile",2011,2.9
"2000-2004","Chile",2011,1.9
"1995-1999","Chile",2011,2.1
"1990-1994","Chile",2011,1.7
"1985-1989","Chile",2011,3.9
"1980-1984","Chile",2011,3.5
"1975-1979","Chile",2011,4
"1970-1974","Chile",2011,4.5
"Antes de 1970","Chile",2011,0.9
"Ignorado (1)","Chile",2011,0.9
"2010-2011","Paraguay",2011,2.1
"2005-2009","Paraguay",2011,3
"2000-2004","Paraguay",2011,3.4
"1995-1999","Paraguay",2011,2.7
"1990-1994","Paraguay",2011,1.9
"1985-1989","Paraguay",2011,2.3
"1980-1984","Paraguay",2011,2.4
"1975-1979","Paraguay",2011,1.6
"1970-1974","Paraguay",2011,5.7
"Antes de 1970","Paraguay",2011,1.7
"Ignorado (1)","Paraguay",2011,1.5
"2010-2011","Perú",2011,3.7
"2005-2009","Perú",2011,4.1
"2000-2004","Perú",2011,4.5
"1995-1999","Perú",2011,2.5
"1990-1994","Perú",2011,1.7
"1985-1989","Perú",2011,0.8
"1980-1984","Perú",2011,1.3
"1975-1979","Perú",2011,0.8
"1970-1974","Perú",2011,0.6
"Antes de 1970","Perú",2011,0.1
"Ignorado (1)","Perú",2011,0.6
"2010-2011","Otros países de Sudamérica",2011,7.3
"2005-2009","Otros países de Sudamérica",2011,5.2
"2000-2004","Otros países de Sudamérica",2011,3.6
"1995-1999","Otros países de Sudamérica",2011,3.7
"1990-1994","Otros países de Sudamérica",2011,3
"1985-1989","Otros países de Sudamérica",2011,4.2
"1980-1984","Otros países de Sudamérica",2011,3.8
"1975-1979","Otros países de Sudamérica",2011,2
"1970-1974","Otros países de Sudamérica",2011,2.4
"Antes de 1970","Otros países de Sudamérica",2011,0.6
"Ignorado (1)","Otros países de Sudamérica",2011,1.2
"2010-2011","Centroamérica",2011,1.3
"2005-2009","Centroamérica",2011,1.1
"2000-2004","Centroamérica",2011,0.5
"1995-1999","Centroamérica",2011,0.4
"1990-1994","Centroamérica",2011,0.2
"1985-1989","Centroamérica",2011,0.5
"1980-1984","Centroamérica",2011,0.5
"1975-1979","Centroamérica",2011,0.4
"1970-1974","Centroamérica",2011,0.6
"Antes de 1970","Centroamérica",2011,0
"Ignorado (1)","Centroamérica",2011,0
"2010-2011","Caribe",2011,1.5
"2005-2009","Caribe",2011,1.5
"2000-2004","Caribe",2011,1
"1995-1999","Caribe",2011,1.1
"1990-1994","Caribe",2011,0.6
"1985-1989","Caribe",2011,1.2
"1980-1984","Caribe",2011,0.2
"1975-1979","Caribe",2011,0.1
"1970-1974","Caribe",2011,0.2
"Antes de 1970","Caribe",2011,0.2
"Ignorado (1)","Caribe",2011,0.3
"2010-2011","México",2011,2.1
"2005-2009","México",2011,1.4
"2000-2004","México",2011,0.9
"1995-1999","México",2011,0.7
"1990-1994","México",2011,0.4
"1985-1989","México",2011,1.7
"1980-1984","México",2011,1.1
"1975-1979","México",2011,0.4
"1970-1974","México",2011,0.4
"Antes de 1970","México",2011,0
"Ignorado (1)","México",2011,0
"2010-2011","Estados Unidos",2011,10.3
"2005-2009","Estados Unidos",2011,10.9
"2000-2004","Estados Unidos",2011,4.4
"1995-1999","Estados Unidos",2011,2.5
"1990-1994","Estados Unidos",2011,2.1
"1985-1989","Estados Unidos",2011,1.6
"1980-1984","Estados Unidos",2011,2.3
"1975-1979","Estados Unidos",2011,1.8
"1970-1974","Estados Unidos",2011,1
"Antes de 1970","Estados Unidos",2011,0.3
"Ignorado (1)","Estados Unidos",2011,0
"2010-2011","Canadá",2011,0.9
"2005-2009","Canadá",2011,0.8
"2000-2004","Canadá",2011,0.6
"1995-1999","Canadá",2011,0.5
"1990-1994","Canadá",2011,0.6
"1985-1989","Canadá",2011,0.6
"1980-1984","Canadá",2011,0.8
"1975-1979","Canadá",2011,0.8
"1970-1974","Canadá",2011,0.6
"Antes de 1970","Canadá",2011,0
"Ignorado (1)","Canadá",2011,0.6
"2010-2011","España",2011,10.5
"2005-2009","España",2011,9.1
"2000-2004","España",2011,2.1
"1995-1999","España",2011,2.1
"1990-1994","España",2011,2.1
"1985-1989","España",2011,2.4
"1980-1984","España",2011,2.9
"1975-1979","España",2011,2.7
"1970-1974","España",2011,6.3
"Antes de 1970","España",2011,39.6
"Ignorado (1)","España",2011,11
"2010-2011","Italia",2011,1.5
"2005-2009","Italia",2011,1.6
"2000-2004","Italia",2011,1.1
"1995-1999","Italia",2011,1
"1990-1994","Italia",2011,1.1
"1985-1989","Italia",2011,0.7
"1980-1984","Italia",2011,1.2
"1975-1979","Italia",2011,1.2
"1970-1974","Italia",2011,2.4
"Antes de 1970","Italia",2011,19.1
"Ignorado (1)","Italia",2011,10.7
"2010-2011","Francia",2011,1.7
"2005-2009","Francia",2011,1.5
"2000-2004","Francia",2011,0.7
"1995-1999","Francia",2011,0.8
"1990-1994","Francia",2011,0.8
"1985-1989","Francia",2011,1.7
"1980-1984","Francia",2011,0.9
"1975-1979","Francia",2011,0.7
"1970-1974","Francia",2011,0.8
"Antes de 1970","Francia",2011,1
"Ignorado (1)","Francia",2011,0
"2010-2011","Reino Unido",2011,0.7
"2005-2009","Reino Unido",2011,0.8
"2000-2004","Reino Unido",2011,0.5
"1995-1999","Reino Unido",2011,0.3
"1990-1994","Reino Unido",2011,0.2
"1985-1989","Reino Unido",2011,0.1
"1980-1984","Reino Unido",2011,0.1
"1975-1979","Reino Unido",2011,0.3
"1970-1974","Reino Unido",2011,0.5
"Antes de 1970","Reino Unido",2011,0.1
"Ignorado (1)","Reino Unido",2011,0
"2010-2011","Alemania",2011,1.5
"2005-2009","Alemania",2011,2.3
"2000-2004","Alemania",2011,1.1
"1995-1999","Alemania",2011,1.1
"1990-1994","Alemania",2011,0.8
"1985-1989","Alemania",2011,1
"1980-1984","Alemania",2011,0.8
"1975-1979","Alemania",2011,0.5
"1970-1974","Alemania",2011,1.5
"Antes de 1970","Alemania",2011,1.9
"Ignorado (1)","Alemania",2011,0.6
"2010-2011","Otros países de Europa",2011,2.7
"2005-2009","Otros países de Europa",2011,3.6
"2000-2004","Otros países de Europa",2011,1.9
"1995-1999","Otros países de Europa",2011,1.9
"1990-1994","Otros países de Europa",2011,1.9
"1985-1989","Otros países de Europa",2011,4.4
"1980-1984","Otros países de Europa",2011,1.9
"1975-1979","Otros países de Europa",2011,0.9
"1970-1974","Otros países de Europa",2011,1.9
"Antes de 1970","Otros países de Europa",2011,6.3
"Ignorado (1)","Otros países de Europa",2011,3.1
"2010-2011","Asia",2011,2.9
"2005-2009","Asia",2011,1.5
"2000-2004","Asia",2011,1.7
"1995-1999","Asia",2011,1.7
"1990-1994","Asia",2011,1.2
"1985-1989","Asia",2011,1.2
"1980-1984","Asia",2011,1.3
"1975-1979","Asia",2011,1.5
"1970-1974","Asia",2011,1
"Antes de 1970","Asia",2011,1.6
"Ignorado (1)","Asia",2011,1.5
"2010-2011","África",2011,0.5
"2005-2009","África",2011,0.8
"2000-2004","África",2011,0.3
"1995-1999","África",2011,0.2
"1990-1994","África",2011,0.1
"1985-1989","África",2011,0.2
"1980-1984","África",2011,0.3
"1975-1979","África",2011,0.1
"1970-1974","África",2011,0.3
"Antes de 1970","África",2011,0.3
"Ignorado (1)","África",2011,0
"2010-2011","Oceanía",2011,0.5
"2005-2009","Oceanía",2011,0.6
"2000-2004","Oceanía",2011,0.3
"1995-1999","Oceanía",2011,0.3
"1990-1994","Oceanía",2011,0.4
"1985-1989","Oceanía",2011,0.7
"1980-1984","Oceanía",2011,1
"1975-1979","Oceanía",2011,0.3
"1970-1974","Oceanía",2011,0.3
"Antes de 1970","Oceanía",2011,0
"Ignorado (1)","Oceanía",2011,0
"2010-2011","Ignorado",2011,0.1
"2005-2009","Ignorado",2011,0
"2000-2004","Ignorado",2011,0.1
"1995-1999","Ignorado",2011,0.1
"1990-1994","Ignorado",2011,0.1
"1985-1989","Ignorado",2011,0
"1980-1984","Ignorado",2011,0.3
"1975-1979","Ignorado",2011,0.1
"1970-1974","Ignorado",2011,0.2
"Antes de 1970","Ignorado",2011,0.1
"Ignorado (1)","Ignorado",2011,1.5
